{"cameraMode":{"drawMode":0,"name":"Shaded","section":"Shading Mode"},"sceneLighting":false,"audioPlay":false,"sceneViewState":{"m_AlwaysRefresh":false,"showFog":true,"showSkybox":false,"showFlares":true,"showImageEffects":true,"showParticleSystems":true,"showVisualEffectGraphs":true,"m_FxEnabled":true},"in2DMode":false,"pivot":{"x":0.0864807665348053,"y":0.17416717112064362,"z":-0.16532433032989503},"rotation":{"x":0.33505865931510928,"y":-0.4329794943332672,"z":0.17736314237117768,"w":0.817866325378418},"size":0.3432280421257019,"orthographic":false}