{"cameraMode":{"drawMode":0,"name":"Shaded","section":"Shading Mode"},"sceneLighting":true,"audioPlay":false,"sceneViewState":{"m_AlwaysRefresh":false,"showFog":true,"showSkybox":true,"showFlares":true,"showImageEffects":true,"showParticleSystems":true,"showVisualEffectGraphs":true,"m_FxEnabled":true},"in2DMode":false,"pivot":{"x":3.1311097145080568,"y":1.0375127792358399,"z":3.587303638458252},"rotation":{"x":0.364287406206131,"y":-0.13154980540275575,"z":0.051969923079013827,"w":0.9205414056777954},"size":7.825633525848389,"orthographic":false}